content,labels,user,admin,history
"Hòa trên sân đối thủ ngang cơ chứng tỏ hàng phòng ngự Việt Nam chơi tốt. Dù vẫn còn một số lỗ hổng bên cánh phải để Thái Lan khai thác, chúng ta đã đảm bảo được sự an toàn cho khung thành và giữ được thế trận, không bị lép vế trước đối thủ. Tôi đọc thống kê sau trận, thấy Thái Lan cầm bóng nhiều hơn nhưng phần lớn thời gian giữ bóng của họ diễn ra bên phần sân nhà. Mỗi khi Thái Lan có ý định đẩy bóng lên, hệ thống phòng ngự Việt Nam đều hóa giải thành công nhờ cự ly đội hình chặt chẽ, hợp lý"," negative","user","",
"Để Tuấn Anh đá chính đã là nước cờ cao của Park. Ai cũng biết là Việt Nam sẽ chơi phản công, và số đông tin Việt Nam sẽ để Huy Hùng hoặc Đức Huy - những người có thiên hướng phòng ngự, tranh chấp tốt - đá cặp với Hùng Dũng. Nhưng qua 90 phút ở sân Thammasat, chúng ta đều công nhận rằng kỹ năng phòng ngự của Tuấn Anh không tồi. Cậu ấy có thể không quá mạnh mẽ khi tranh chấp, hoặc có những pha tắc bóng quyết liệt, nhưng bù lại, Tuấn Anh đọc trận đấu tốt và biết cách che chắn cho hàng thủ, lúc cần cũng sẵn sàng phạm lỗi để chặn đà hưng phấn của Thái Lan."," positive","user","",
"Toàn bộ cầu thủ, cả chính thức lẫn vào sân từ ghế dự bị, đều chơi cố gắng tới phút cuối. Tôi hài lòng với tinh thần chiến đấu của Việt Nam. Duy chỉ hơi đáng tiếc ở vị trí tiền đạo. Nếu Công Phượng đá chính, làm nhiệm vụ quấy phá, hàng thủ Thái Lan có thể xuống sức và bộc lộ nhiều sơ hở hơn vào cuối trận. Việt Nam hoàn toàn có thể tận dụng tốc độ vào lúc này để tìm bàn thắng. Dù vậy, một điểm ở trận ra quân vòng loại World Cup 2022 vẫn là kết quả làm đông đảo người hâm mộ hài lòng."," positive","user","",
"Điều tôi mừng nhất là Việt Nam không có pha phạm lỗi nào xung quanh cấm địa, khu vực đối thủ có thể sút phạt thành bàn. Đó là một bước tiến lớn so với AFF Cup 2018 và Asian Cup 2019, những giải đấu mà Việt Nam thường thua ở các tình huống cố định. Thái Lan có những cầu thủ sút phạt tốt nhưng không có cơ hội thể hiện thế mạnh này. Đầu hiệp một, tôi nhớ có một tình huống Quế Ngọc Hải bị đồng đội chuyền khó và có nguy cơ mất bóng. Tuy nhiên, cậu ấy đã tỉnh táo phạm lỗi chiến thuật từ xa, thay vì cố tranh chấp để Thái Lan dẫn bóng vào sâu hơn."," positive","kimanh","",
"Điều tôi mừng nhất là Việt Nam không có pha phạm lỗi nào xung quanh cấm địa, khu vực đối thủ có thể sút phạt thành bàn. Đó là một bước tiến lớn so với AFF Cup 2018 và Asian Cup 2019, những giải đấu mà Việt Nam thường thua ở các tình huống cố định. Thái Lan có những cầu thủ sút phạt tốt nhưng không có cơ hội thể hiện thế mạnh này. Đầu hiệp một, tôi nhớ có một tình huống Quế Ngọc Hải bị đồng đội chuyền khó và có nguy cơ mất bóng. Tuy nhiên, cậu ấy đã tỉnh táo phạm lỗi chiến thuật từ xa, thay vì cố tranh chấp để Thái Lan dẫn bóng vào sâu hơn."," negative","user","",
"Để Tuấn Anh đá chính đã là nước cờ cao của Park. Ai cũng biết là Việt Nam sẽ chơi phản công, và số đông tin Việt Nam sẽ để Huy Hùng hoặc Đức Huy - những người có thiên hướng phòng ngự, tranh chấp tốt - đá cặp với Hùng Dũng. Nhưng qua 90 phút ở sân Thammasat, chúng ta đều công nhận rằng kỹ năng phòng ngự của Tuấn Anh không tồi. Cậu ấy có thể không quá mạnh mẽ khi tranh chấp, hoặc có những pha tắc bóng quyết liệt, nhưng bù lại, Tuấn Anh đọc trận đấu tốt và biết cách che chắn cho hàng thủ, lúc cần cũng sẵn sàng phạm lỗi để chặn đà hưng phấn của Thái Lan."," negative","user","",
"Toàn bộ cầu thủ, cả chính thức lẫn vào sân từ ghế dự bị, đều chơi cố gắng tới phút cuối. Tôi hài lòng với tinh thần chiến đấu của Việt Nam. Duy chỉ hơi đáng tiếc ở vị trí tiền đạo. Nếu Công Phượng đá chính, làm nhiệm vụ quấy phá, hàng thủ Thái Lan có thể xuống sức và bộc lộ nhiều sơ hở hơn vào cuối trận. Việt Nam hoàn toàn có thể tận dụng tốc độ vào lúc này để tìm bàn thắng. Dù vậy, một điểm ở trận ra quân vòng loại World Cup 2022 vẫn là kết quả làm đông đảo người hâm mộ hài lòng."," negative","user","",
"Điều tôi mừng nhất là Việt Nam không có pha phạm lỗi nào xung quanh cấm địa, khu vực đối thủ có thể sút phạt thành bàn. Đó là một bước tiến lớn so với AFF Cup 2018 và Asian Cup 2019, những giải đấu mà Việt Nam thường thua ở các tình huống cố định. Thái Lan có những cầu thủ sút phạt tốt nhưng không có cơ hội thể hiện thế mạnh này. Đầu hiệp một, tôi nhớ có một tình huống Quế Ngọc Hải bị đồng đội chuyền khó và có nguy cơ mất bóng. Tuy nhiên, cậu ấy đã tỉnh táo phạm lỗi chiến thuật từ xa, thay vì cố tranh chấp để Thái Lan dẫn bóng vào sâu hơn."," positive","kimanh","",
"Trong bóng đá, khó có thể nói rạch ròi về chuyện phòng ngự hay tấn công. Khi cần giữ tỷ số, không phải lúc nào một đội cũng bố trí dày đặc cầu thủ ở phía dưới. Đá với Thái Lan như thế rất nguy hiểm bởi sức ép từ khán đài và những tiểu xảo của đối thủ có thể khiến hậu vệ bị phân tâm. Dùng Tuấn Anh, một tiền vệ cầm được bóng và biết điều tiết nhịp độ trận đấu, là cách lưỡng toàn của ông Park. Chúng ta vừa có thể phòng ngự một cách chủ động, vừa có thể phản công bất cứ lúc nào."," positive","kimanh","",
"Toàn bộ cầu thủ, cả chính thức lẫn vào sân từ ghế dự bị, đều chơi cố gắng tới phút cuối. Tôi hài lòng với tinh thần chiến đấu của Việt Nam. Duy chỉ hơi đáng tiếc ở vị trí tiền đạo. Nếu Công Phượng đá chính, làm nhiệm vụ quấy phá, hàng thủ Thái Lan có thể xuống sức và bộc lộ nhiều sơ hở hơn vào cuối trận. Việt Nam hoàn toàn có thể tận dụng tốc độ vào lúc này để tìm bàn thắng. Dù vậy, một điểm ở trận ra quân vòng loại World Cup 2022 vẫn là kết quả làm đông đảo người hâm mộ hài lòng."," negative","user","",
"Trong bóng đá, khó có thể nói rạch ròi về chuyện phòng ngự hay tấn công. Khi cần giữ tỷ số, không phải lúc nào một đội cũng bố trí dày đặc cầu thủ ở phía dưới. Đá với Thái Lan như thế rất nguy hiểm bởi sức ép từ khán đài và những tiểu xảo của đối thủ có thể khiến hậu vệ bị phân tâm. Dùng Tuấn Anh, một tiền vệ cầm được bóng và biết điều tiết nhịp độ trận đấu, là cách lưỡng toàn của ông Park. Chúng ta vừa có thể phòng ngự một cách chủ động, vừa có thể phản công bất cứ lúc nào."," positive","user","",
"Điều tôi mừng nhất là Việt Nam không có pha phạm lỗi nào xung quanh cấm địa, khu vực đối thủ có thể sút phạt thành bàn. Đó là một bước tiến lớn so với AFF Cup 2018 và Asian Cup 2019, những giải đấu mà Việt Nam thường thua ở các tình huống cố định. Thái Lan có những cầu thủ sút phạt tốt nhưng không có cơ hội thể hiện thế mạnh này. Đầu hiệp một, tôi nhớ có một tình huống Quế Ngọc Hải bị đồng đội chuyền khó và có nguy cơ mất bóng. Tuy nhiên, cậu ấy đã tỉnh táo phạm lỗi chiến thuật từ xa, thay vì cố tranh chấp để Thái Lan dẫn bóng vào sâu hơn."," negative","user","",
"Để Tuấn Anh đá chính đã là nước cờ cao của Park. Ai cũng biết là Việt Nam sẽ chơi phản công, và số đông tin Việt Nam sẽ để Huy Hùng hoặc Đức Huy - những người có thiên hướng phòng ngự, tranh chấp tốt - đá cặp với Hùng Dũng. Nhưng qua 90 phút ở sân Thammasat, chúng ta đều công nhận rằng kỹ năng phòng ngự của Tuấn Anh không tồi. Cậu ấy có thể không quá mạnh mẽ khi tranh chấp, hoặc có những pha tắc bóng quyết liệt, nhưng bù lại, Tuấn Anh đọc trận đấu tốt và biết cách che chắn cho hàng thủ, lúc cần cũng sẵn sàng phạm lỗi để chặn đà hưng phấn của Thái Lan."," negative","user","",
"Điều tôi mừng nhất là Việt Nam không có pha phạm lỗi nào xung quanh cấm địa, khu vực đối thủ có thể sút phạt thành bàn. Đó là một bước tiến lớn so với AFF Cup 2018 và Asian Cup 2019, những giải đấu mà Việt Nam thường thua ở các tình huống cố định. Thái Lan có những cầu thủ sút phạt tốt nhưng không có cơ hội thể hiện thế mạnh này. Đầu hiệp một, tôi nhớ có một tình huống Quế Ngọc Hải bị đồng đội chuyền khó và có nguy cơ mất bóng. Tuy nhiên, cậu ấy đã tỉnh táo phạm lỗi chiến thuật từ xa, thay vì cố tranh chấp để Thái Lan dẫn bóng vào sâu hơn."," negative","user","",
"Điều tôi mừng nhất là Việt Nam không có pha phạm lỗi nào xung quanh cấm địa, khu vực đối thủ có thể sút phạt thành bàn. Đó là một bước tiến lớn so với AFF Cup 2018 và Asian Cup 2019, những giải đấu mà Việt Nam thường thua ở các tình huống cố định. Thái Lan có những cầu thủ sút phạt tốt nhưng không có cơ hội thể hiện thế mạnh này. Đầu hiệp một, tôi nhớ có một tình huống Quế Ngọc Hải bị đồng đội chuyền khó và có nguy cơ mất bóng. Tuy nhiên, cậu ấy đã tỉnh táo phạm lỗi chiến thuật từ xa, thay vì cố tranh chấp để Thái Lan dẫn bóng vào sâu hơn."," negative, positive","user","",
"Toàn bộ cầu thủ, cả chính thức lẫn vào sân từ ghế dự bị, đều chơi cố gắng tới phút cuối. Tôi hài lòng với tinh thần chiến đấu của Việt Nam. Duy chỉ hơi đáng tiếc ở vị trí tiền đạo. Nếu Công Phượng đá chính, làm nhiệm vụ quấy phá, hàng thủ Thái Lan có thể xuống sức và bộc lộ nhiều sơ hở hơn vào cuối trận. Việt Nam hoàn toàn có thể tận dụng tốc độ vào lúc này để tìm bàn thắng. Dù vậy, một điểm ở trận ra quân vòng loại World Cup 2022 vẫn là kết quả làm đông đảo người hâm mộ hài lòng."," positive","user","",
"Điều tôi mừng nhất là Việt Nam không có pha phạm lỗi nào xung quanh cấm địa, khu vực đối thủ có thể sút phạt thành bàn. Đó là một bước tiến lớn so với AFF Cup 2018 và Asian Cup 2019, những giải đấu mà Việt Nam thường thua ở các tình huống cố định. Thái Lan có những cầu thủ sút phạt tốt nhưng không có cơ hội thể hiện thế mạnh này. Đầu hiệp một, tôi nhớ có một tình huống Quế Ngọc Hải bị đồng đội chuyền khó và có nguy cơ mất bóng. Tuy nhiên, cậu ấy đã tỉnh táo phạm lỗi chiến thuật từ xa, thay vì cố tranh chấp để Thái Lan dẫn bóng vào sâu hơn."," negative","user","",
"Để Tuấn Anh đá chính đã là nước cờ cao của Park. Ai cũng biết là Việt Nam sẽ chơi phản công, và số đông tin Việt Nam sẽ để Huy Hùng hoặc Đức Huy - những người có thiên hướng phòng ngự, tranh chấp tốt - đá cặp với Hùng Dũng. Nhưng qua 90 phút ở sân Thammasat, chúng ta đều công nhận rằng kỹ năng phòng ngự của Tuấn Anh không tồi. Cậu ấy có thể không quá mạnh mẽ khi tranh chấp, hoặc có những pha tắc bóng quyết liệt, nhưng bù lại, Tuấn Anh đọc trận đấu tốt và biết cách che chắn cho hàng thủ, lúc cần cũng sẵn sàng phạm lỗi để chặn đà hưng phấn của Thái Lan."," negative","user","",
"Trong bóng đá, khó có thể nói rạch ròi về chuyện phòng ngự hay tấn công. Khi cần giữ tỷ số, không phải lúc nào một đội cũng bố trí dày đặc cầu thủ ở phía dưới. Đá với Thái Lan như thế rất nguy hiểm bởi sức ép từ khán đài và những tiểu xảo của đối thủ có thể khiến hậu vệ bị phân tâm. Dùng Tuấn Anh, một tiền vệ cầm được bóng và biết điều tiết nhịp độ trận đấu, là cách lưỡng toàn của ông Park. Chúng ta vừa có thể phòng ngự một cách chủ động, vừa có thể phản công bất cứ lúc nào."," positive","kimanh","",
"Điều tôi mừng nhất là Việt Nam không có pha phạm lỗi nào xung quanh cấm địa, khu vực đối thủ có thể sút phạt thành bàn. Đó là một bước tiến lớn so với AFF Cup 2018 và Asian Cup 2019, những giải đấu mà Việt Nam thường thua ở các tình huống cố định. Thái Lan có những cầu thủ sút phạt tốt nhưng không có cơ hội thể hiện thế mạnh này. Đầu hiệp một, tôi nhớ có một tình huống Quế Ngọc Hải bị đồng đội chuyền khó và có nguy cơ mất bóng. Tuy nhiên, cậu ấy đã tỉnh táo phạm lỗi chiến thuật từ xa, thay vì cố tranh chấp để Thái Lan dẫn bóng vào sâu hơn."," positive","kimanh","",
"Điều tôi mừng nhất là Việt Nam không có pha phạm lỗi nào xung quanh cấm địa, khu vực đối thủ có thể sút phạt thành bàn. Đó là một bước tiến lớn so với AFF Cup 2018 và Asian Cup 2019, những giải đấu mà Việt Nam thường thua ở các tình huống cố định. Thái Lan có những cầu thủ sút phạt tốt nhưng không có cơ hội thể hiện thế mạnh này. Đầu hiệp một, tôi nhớ có một tình huống Quế Ngọc Hải bị đồng đội chuyền khó và có nguy cơ mất bóng. Tuy nhiên, cậu ấy đã tỉnh táo phạm lỗi chiến thuật từ xa, thay vì cố tranh chấp để Thái Lan dẫn bóng vào sâu hơn."," positive, negative","user","",
"Để Tuấn Anh đá chính đã là nước cờ cao của Park. Ai cũng biết là Việt Nam sẽ chơi phản công, và số đông tin Việt Nam sẽ để Huy Hùng hoặc Đức Huy - những người có thiên hướng phòng ngự, tranh chấp tốt - đá cặp với Hùng Dũng. Nhưng qua 90 phút ở sân Thammasat, chúng ta đều công nhận rằng kỹ năng phòng ngự của Tuấn Anh không tồi. Cậu ấy có thể không quá mạnh mẽ khi tranh chấp, hoặc có những pha tắc bóng quyết liệt, nhưng bù lại, Tuấn Anh đọc trận đấu tốt và biết cách che chắn cho hàng thủ, lúc cần cũng sẵn sàng phạm lỗi để chặn đà hưng phấn của Thái Lan."," negative","kimanh","admin",
"Toàn bộ cầu thủ, cả chính thức lẫn vào sân từ ghế dự bị, đều chơi cố gắng tới phút cuối. Tôi hài lòng với tinh thần chiến đấu của Việt Nam. Duy chỉ hơi đáng tiếc ở vị trí tiền đạo. Nếu Công Phượng đá chính, làm nhiệm vụ quấy phá, hàng thủ Thái Lan có thể xuống sức và bộc lộ nhiều sơ hở hơn vào cuối trận. Việt Nam hoàn toàn có thể tận dụng tốc độ vào lúc này để tìm bàn thắng. Dù vậy, một điểm ở trận ra quân vòng loại World Cup 2022 vẫn là kết quả làm đông đảo người hâm mộ hài lòng."," positive, negative","user","admin"," positive"
"Trong bóng đá, khó có thể nói rạch ròi về chuyện phòng ngự hay tấn công. Khi cần giữ tỷ số, không phải lúc nào một đội cũng bố trí dày đặc cầu thủ ở phía dưới. Đá với Thái Lan như thế rất nguy hiểm bởi sức ép từ khán đài và những tiểu xảo của đối thủ có thể khiến hậu vệ bị phân tâm. Dùng Tuấn Anh, một tiền vệ cầm được bóng và biết điều tiết nhịp độ trận đấu, là cách lưỡng toàn của ông Park. Chúng ta vừa có thể phòng ngự một cách chủ động, vừa có thể phản công bất cứ lúc nào."," negative","user","",
"Điều tôi mừng nhất là Việt Nam không có pha phạm lỗi nào xung quanh cấm địa, khu vực đối thủ có thể sút phạt thành bàn. Đó là một bước tiến lớn so với AFF Cup 2018 và Asian Cup 2019, những giải đấu mà Việt Nam thường thua ở các tình huống cố định. Thái Lan có những cầu thủ sút phạt tốt nhưng không có cơ hội thể hiện thế mạnh này. Đầu hiệp một, tôi nhớ có một tình huống Quế Ngọc Hải bị đồng đội chuyền khó và có nguy cơ mất bóng. Tuy nhiên, cậu ấy đã tỉnh táo phạm lỗi chiến thuật từ xa, thay vì cố tranh chấp để Thái Lan dẫn bóng vào sâu hơn."," positive","kimanh","",
"Toàn bộ cầu thủ, cả chính thức lẫn vào sân từ ghế dự bị, đều chơi cố gắng tới phút cuối. Tôi hài lòng với tinh thần chiến đấu của Việt Nam. Duy chỉ hơi đáng tiếc ở vị trí tiền đạo. Nếu Công Phượng đá chính, làm nhiệm vụ quấy phá, hàng thủ Thái Lan có thể xuống sức và bộc lộ nhiều sơ hở hơn vào cuối trận. Việt Nam hoàn toàn có thể tận dụng tốc độ vào lúc này để tìm bàn thắng. Dù vậy, một điểm ở trận ra quân vòng loại World Cup 2022 vẫn là kết quả làm đông đảo người hâm mộ hài lòng."," positive","user","",
"Để Tuấn Anh đá chính đã là nước cờ cao của Park. Ai cũng biết là Việt Nam sẽ chơi phản công, và số đông tin Việt Nam sẽ để Huy Hùng hoặc Đức Huy - những người có thiên hướng phòng ngự, tranh chấp tốt - đá cặp với Hùng Dũng. Nhưng qua 90 phút ở sân Thammasat, chúng ta đều công nhận rằng kỹ năng phòng ngự của Tuấn Anh không tồi. Cậu ấy có thể không quá mạnh mẽ khi tranh chấp, hoặc có những pha tắc bóng quyết liệt, nhưng bù lại, Tuấn Anh đọc trận đấu tốt và biết cách che chắn cho hàng thủ, lúc cần cũng sẵn sàng phạm lỗi để chặn đà hưng phấn của Thái Lan."," positive","user","",
"Trong bóng đá, khó có thể nói rạch ròi về chuyện phòng ngự hay tấn công. Khi cần giữ tỷ số, không phải lúc nào một đội cũng bố trí dày đặc cầu thủ ở phía dưới. Đá với Thái Lan như thế rất nguy hiểm bởi sức ép từ khán đài và những tiểu xảo của đối thủ có thể khiến hậu vệ bị phân tâm. Dùng Tuấn Anh, một tiền vệ cầm được bóng và biết điều tiết nhịp độ trận đấu, là cách lưỡng toàn của ông Park. Chúng ta vừa có thể phòng ngự một cách chủ động, vừa có thể phản công bất cứ lúc nào."," negative","user","admin"," positive"
"Điều tôi mừng nhất là Việt Nam không có pha phạm lỗi nào xung quanh cấm địa, khu vực đối thủ có thể sút phạt thành bàn. Đó là một bước tiến lớn so với AFF Cup 2018 và Asian Cup 2019, những giải đấu mà Việt Nam thường thua ở các tình huống cố định. Thái Lan có những cầu thủ sút phạt tốt nhưng không có cơ hội thể hiện thế mạnh này. Đầu hiệp một, tôi nhớ có một tình huống Quế Ngọc Hải bị đồng đội chuyền khó và có nguy cơ mất bóng. Tuy nhiên, cậu ấy đã tỉnh táo phạm lỗi chiến thuật từ xa, thay vì cố tranh chấp để Thái Lan dẫn bóng vào sâu hơn."," positive","user","admin",
"Điều tôi mừng nhất là Việt Nam không có pha phạm lỗi nào xung quanh cấm địa, khu vực đối thủ có thể sút phạt thành bàn. Đó là một bước tiến lớn so với AFF Cup 2018 và Asian Cup 2019, những giải đấu mà Việt Nam thường thua ở các tình huống cố định. Thái Lan có những cầu thủ sút phạt tốt nhưng không có cơ hội thể hiện thế mạnh này. Đầu hiệp một, tôi nhớ có một tình huống Quế Ngọc Hải bị đồng đội chuyền khó và có nguy cơ mất bóng. Tuy nhiên, cậu ấy đã tỉnh táo phạm lỗi chiến thuật từ xa, thay vì cố tranh chấp để Thái Lan dẫn bóng vào sâu hơn."," positive, negative","user","admin"," positive"
"Điều tôi mừng nhất là Việt Nam không có pha phạm lỗi nào xung quanh cấm địa, khu vực đối thủ có thể sút phạt thành bàn. Đó là một bước tiến lớn so với AFF Cup 2018 và Asian Cup 2019, những giải đấu mà Việt Nam thường thua ở các tình huống cố định. Thái Lan có những cầu thủ sút phạt tốt nhưng không có cơ hội thể hiện thế mạnh này. Đầu hiệp một, tôi nhớ có một tình huống Quế Ngọc Hải bị đồng đội chuyền khó và có nguy cơ mất bóng. Tuy nhiên, cậu ấy đã tỉnh táo phạm lỗi chiến thuật từ xa, thay vì cố tranh chấp để Thái Lan dẫn bóng vào sâu hơn."," negative","user","",
"Toàn bộ cầu thủ, cả chính thức lẫn vào sân từ ghế dự bị, đều chơi cố gắng tới phút cuối. Tôi hài lòng với tinh thần chiến đấu của Việt Nam. Duy chỉ hơi đáng tiếc ở vị trí tiền đạo. Nếu Công Phượng đá chính, làm nhiệm vụ quấy phá, hàng thủ Thái Lan có thể xuống sức và bộc lộ nhiều sơ hở hơn vào cuối trận. Việt Nam hoàn toàn có thể tận dụng tốc độ vào lúc này để tìm bàn thắng. Dù vậy, một điểm ở trận ra quân vòng loại World Cup 2022 vẫn là kết quả làm đông đảo người hâm mộ hài lòng."," positive, dfgdfg","user","",
"Trong bóng đá, khó có thể nói rạch ròi về chuyện phòng ngự hay tấn công. Khi cần giữ tỷ số, không phải lúc nào một đội cũng bố trí dày đặc cầu thủ ở phía dưới. Đá với Thái Lan như thế rất nguy hiểm bởi sức ép từ khán đài và những tiểu xảo của đối thủ có thể khiến hậu vệ bị phân tâm. Dùng Tuấn Anh, một tiền vệ cầm được bóng và biết điều tiết nhịp độ trận đấu, là cách lưỡng toàn của ông Park. Chúng ta vừa có thể phòng ngự một cách chủ động, vừa có thể phản công bất cứ lúc nào."," negative","user","",
"Để Tuấn Anh đá chính đã là nước cờ cao của Park. Ai cũng biết là Việt Nam sẽ chơi phản công, và số đông tin Việt Nam sẽ để Huy Hùng hoặc Đức Huy - những người có thiên hướng phòng ngự, tranh chấp tốt - đá cặp với Hùng Dũng. Nhưng qua 90 phút ở sân Thammasat, chúng ta đều công nhận rằng kỹ năng phòng ngự của Tuấn Anh không tồi. Cậu ấy có thể không quá mạnh mẽ khi tranh chấp, hoặc có những pha tắc bóng quyết liệt, nhưng bù lại, Tuấn Anh đọc trận đấu tốt và biết cách che chắn cho hàng thủ, lúc cần cũng sẵn sàng phạm lỗi để chặn đà hưng phấn của Thái Lan."," negative","user","admin"," positive"
"Điều tôi mừng nhất là Việt Nam không có pha phạm lỗi nào xung quanh cấm địa, khu vực đối thủ có thể sút phạt thành bàn. Đó là một bước tiến lớn so với AFF Cup 2018 và Asian Cup 2019, những giải đấu mà Việt Nam thường thua ở các tình huống cố định. Thái Lan có những cầu thủ sút phạt tốt nhưng không có cơ hội thể hiện thế mạnh này. Đầu hiệp một, tôi nhớ có một tình huống Quế Ngọc Hải bị đồng đội chuyền khó và có nguy cơ mất bóng. Tuy nhiên, cậu ấy đã tỉnh táo phạm lỗi chiến thuật từ xa, thay vì cố tranh chấp để Thái Lan dẫn bóng vào sâu hơn."," positive","user","",
"Điều tôi mừng nhất là Việt Nam không có pha phạm lỗi nào xung quanh cấm địa, khu vực đối thủ có thể sút phạt thành bàn. Đó là một bước tiến lớn so với AFF Cup 2018 và Asian Cup 2019, những giải đấu mà Việt Nam thường thua ở các tình huống cố định. Thái Lan có những cầu thủ sút phạt tốt nhưng không có cơ hội thể hiện thế mạnh này. Đầu hiệp một, tôi nhớ có một tình huống Quế Ngọc Hải bị đồng đội chuyền khó và có nguy cơ mất bóng. Tuy nhiên, cậu ấy đã tỉnh táo phạm lỗi chiến thuật từ xa, thay vì cố tranh chấp để Thái Lan dẫn bóng vào sâu hơn."," gfdfgd","user","admin"," gfdfgd"
"Toàn bộ cầu thủ, cả chính thức lẫn vào sân từ ghế dự bị, đều chơi cố gắng tới phút cuối. Tôi hài lòng với tinh thần chiến đấu của Việt Nam. Duy chỉ hơi đáng tiếc ở vị trí tiền đạo. Nếu Công Phượng đá chính, làm nhiệm vụ quấy phá, hàng thủ Thái Lan có thể xuống sức và bộc lộ nhiều sơ hở hơn vào cuối trận. Việt Nam hoàn toàn có thể tận dụng tốc độ vào lúc này để tìm bàn thắng. Dù vậy, một điểm ở trận ra quân vòng loại World Cup 2022 vẫn là kết quả làm đông đảo người hâm mộ hài lòng."," negative","user","",
"Để Tuấn Anh đá chính đã là nước cờ cao của Park. Ai cũng biết là Việt Nam sẽ chơi phản công, và số đông tin Việt Nam sẽ để Huy Hùng hoặc Đức Huy - những người có thiên hướng phòng ngự, tranh chấp tốt - đá cặp với Hùng Dũng. Nhưng qua 90 phút ở sân Thammasat, chúng ta đều công nhận rằng kỹ năng phòng ngự của Tuấn Anh không tồi. Cậu ấy có thể không quá mạnh mẽ khi tranh chấp, hoặc có những pha tắc bóng quyết liệt, nhưng bù lại, Tuấn Anh đọc trận đấu tốt và biết cách che chắn cho hàng thủ, lúc cần cũng sẵn sàng phạm lỗi để chặn đà hưng phấn của Thái Lan.",,"user","",
"Trong bóng đá, khó có thể nói rạch ròi về chuyện phòng ngự hay tấn công. Khi cần giữ tỷ số, không phải lúc nào một đội cũng bố trí dày đặc cầu thủ ở phía dưới. Đá với Thái Lan như thế rất nguy hiểm bởi sức ép từ khán đài và những tiểu xảo của đối thủ có thể khiến hậu vệ bị phân tâm. Dùng Tuấn Anh, một tiền vệ cầm được bóng và biết điều tiết nhịp độ trận đấu, là cách lưỡng toàn của ông Park. Chúng ta vừa có thể phòng ngự một cách chủ động, vừa có thể phản công bất cứ lúc nào."," negative","user","",
"Điều tôi mừng nhất là Việt Nam không có pha phạm lỗi nào xung quanh cấm địa, khu vực đối thủ có thể sút phạt thành bàn. Đó là một bước tiến lớn so với AFF Cup 2018 và Asian Cup 2019, những giải đấu mà Việt Nam thường thua ở các tình huống cố định. Thái Lan có những cầu thủ sút phạt tốt nhưng không có cơ hội thể hiện thế mạnh này. Đầu hiệp một, tôi nhớ có một tình huống Quế Ngọc Hải bị đồng đội chuyền khó và có nguy cơ mất bóng. Tuy nhiên, cậu ấy đã tỉnh táo phạm lỗi chiến thuật từ xa, thay vì cố tranh chấp để Thái Lan dẫn bóng vào sâu hơn."," dfgdfg","user","",
"Điều tôi mừng nhất là Việt Nam không có pha phạm lỗi nào xung quanh cấm địa, khu vực đối thủ có thể sút phạt thành bàn. Đó là một bước tiến lớn so với AFF Cup 2018 và Asian Cup 2019, những giải đấu mà Việt Nam thường thua ở các tình huống cố định. Thái Lan có những cầu thủ sút phạt tốt nhưng không có cơ hội thể hiện thế mạnh này. Đầu hiệp một, tôi nhớ có một tình huống Quế Ngọc Hải bị đồng đội chuyền khó và có nguy cơ mất bóng. Tuy nhiên, cậu ấy đã tỉnh táo phạm lỗi chiến thuật từ xa, thay vì cố tranh chấp để Thái Lan dẫn bóng vào sâu hơn."," dfgdfg, gfdfgd","user","",
"Toàn bộ cầu thủ, cả chính thức lẫn vào sân từ ghế dự bị, đều chơi cố gắng tới phút cuối. Tôi hài lòng với tinh thần chiến đấu của Việt Nam. Duy chỉ hơi đáng tiếc ở vị trí tiền đạo. Nếu Công Phượng đá chính, làm nhiệm vụ quấy phá, hàng thủ Thái Lan có thể xuống sức và bộc lộ nhiều sơ hở hơn vào cuối trận. Việt Nam hoàn toàn có thể tận dụng tốc độ vào lúc này để tìm bàn thắng. Dù vậy, một điểm ở trận ra quân vòng loại World Cup 2022 vẫn là kết quả làm đông đảo người hâm mộ hài lòng."," positive, negative","user","",
"Để Tuấn Anh đá chính đã là nước cờ cao của Park. Ai cũng biết là Việt Nam sẽ chơi phản công, và số đông tin Việt Nam sẽ để Huy Hùng hoặc Đức Huy - những người có thiên hướng phòng ngự, tranh chấp tốt - đá cặp với Hùng Dũng. Nhưng qua 90 phút ở sân Thammasat, chúng ta đều công nhận rằng kỹ năng phòng ngự của Tuấn Anh không tồi. Cậu ấy có thể không quá mạnh mẽ khi tranh chấp, hoặc có những pha tắc bóng quyết liệt, nhưng bù lại, Tuấn Anh đọc trận đấu tốt và biết cách che chắn cho hàng thủ, lúc cần cũng sẵn sàng phạm lỗi để chặn đà hưng phấn của Thái Lan."," positive","user","",
"Trong bóng đá, khó có thể nói rạch ròi về chuyện phòng ngự hay tấn công. Khi cần giữ tỷ số, không phải lúc nào một đội cũng bố trí dày đặc cầu thủ ở phía dưới. Đá với Thái Lan như thế rất nguy hiểm bởi sức ép từ khán đài và những tiểu xảo của đối thủ có thể khiến hậu vệ bị phân tâm. Dùng Tuấn Anh, một tiền vệ cầm được bóng và biết điều tiết nhịp độ trận đấu, là cách lưỡng toàn của ông Park. Chúng ta vừa có thể phòng ngự một cách chủ động, vừa có thể phản công bất cứ lúc nào."," negative","user","",
"Hòa trên sân đối thủ ngang cơ chứng tỏ hàng phòng ngự Việt Nam chơi tốt. Dù vẫn còn một số lỗ hổng bên cánh phải để Thái Lan khai thác, chúng ta đã đảm bảo được sự an toàn cho khung thành và giữ được thế trận, không bị lép vế trước đối thủ. Tôi đọc thống kê sau trận, thấy Thái Lan cầm bóng nhiều hơn nhưng phần lớn thời gian giữ bóng của họ diễn ra bên phần sân nhà. Mỗi khi Thái Lan có ý định đẩy bóng lên, hệ thống phòng ngự Việt Nam đều hóa giải thành công nhờ cự ly đội hình chặt chẽ, hợp lý."," dfgdfg","user","",
"Điều tôi mừng nhất là Việt Nam không có pha phạm lỗi nào xung quanh cấm địa, khu vực đối thủ có thể sút phạt thành bàn. Đó là một bước tiến lớn so với AFF Cup 2018 và Asian Cup 2019, những giải đấu mà Việt Nam thường thua ở các tình huống cố định. Thái Lan có những cầu thủ sút phạt tốt nhưng không có cơ hội thể hiện thế mạnh này. Đầu hiệp một, tôi nhớ có một tình huống Quế Ngọc Hải bị đồng đội chuyền khó và có nguy cơ mất bóng. Tuy nhiên, cậu ấy đã tỉnh táo phạm lỗi chiến thuật từ xa, thay vì cố tranh chấp để Thái Lan dẫn bóng vào sâu hơn."," negative","user","",
"Toàn bộ cầu thủ, cả chính thức lẫn vào sân từ ghế dự bị, đều chơi cố gắng tới phút cuối. Tôi hài lòng với tinh thần chiến đấu của Việt Nam. Duy chỉ hơi đáng tiếc ở vị trí tiền đạo. Nếu Công Phượng đá chính, làm nhiệm vụ quấy phá, hàng thủ Thái Lan có thể xuống sức và bộc lộ nhiều sơ hở hơn vào cuối trận. Việt Nam hoàn toàn có thể tận dụng tốc độ vào lúc này để tìm bàn thắng. Dù vậy, một điểm ở trận ra quân vòng loại World Cup 2022 vẫn là kết quả làm đông đảo người hâm mộ hài lòng."," negative","user","",
"Để Tuấn Anh đá chính đã là nước cờ cao của Park. Ai cũng biết là Việt Nam sẽ chơi phản công, và số đông tin Việt Nam sẽ để Huy Hùng hoặc Đức Huy - những người có thiên hướng phòng ngự, tranh chấp tốt - đá cặp với Hùng Dũng. Nhưng qua 90 phút ở sân Thammasat, chúng ta đều công nhận rằng kỹ năng phòng ngự của Tuấn Anh không tồi. Cậu ấy có thể không quá mạnh mẽ khi tranh chấp, hoặc có những pha tắc bóng quyết liệt, nhưng bù lại, Tuấn Anh đọc trận đấu tốt và biết cách che chắn cho hàng thủ, lúc cần cũng sẵn sàng phạm lỗi để chặn đà hưng phấn của Thái Lan."," negative","user","",
"Trong bóng đá, khó có thể nói rạch ròi về chuyện phòng ngự hay tấn công. Khi cần giữ tỷ số, không phải lúc nào một đội cũng bố trí dày đặc cầu thủ ở phía dưới. Đá với Thái Lan như thế rất nguy hiểm bởi sức ép từ khán đài và những tiểu xảo của đối thủ có thể khiến hậu vệ bị phân tâm. Dùng Tuấn Anh, một tiền vệ cầm được bóng và biết điều tiết nhịp độ trận đấu, là cách lưỡng toàn của ông Park. Chúng ta vừa có thể phòng ngự một cách chủ động, vừa có thể phản công bất cứ lúc nào."," positive","user","",